0,2018-01-19 10:00:00
1,2018-01-19 10:00:00
2,2018-01-19 10:05:00
3,2018-01-19 10:05:00
4,2018-01-19 10:10:00
5,2018-01-19 10:10:00
6,2018-01-19 10:15:00
7,2018-01-19 10:15:00
8,2018-01-19 10:20:00
9,2018-01-19 10:20:00
10,2018-01-19 10:20:00
11,2018-01-19 10:25:00
12,2018-01-19 10:25:00
13,2018-01-19 10:30:00
14,2018-01-19 10:30:00
15,2018-01-19 10:35:00
16,2018-01-19 10:40:00
17,2018-01-19 10:40:00
18,2018-01-19 10:45:00
19,2018-01-19 11:00:00
20,2018-01-19 11:00:00
21,2018-01-19 11:00:00
22,2018-01-19 11:00:00
23,2018-01-19 11:20:00
24,2018-01-19 11:25:00
25,2018-01-19 11:55:00
26,2018-01-19 12:20:00
27,2018-01-19 12:20:00
28,2018-01-19 12:25:00
29,2018-01-19 12:25:00
30,2018-01-19 12:40:00
31,2018-01-19 12:55:00
32,2018-01-19 13:00:00
33,2018-01-19 13:05:00
34,2018-01-19 13:05:00
35,2018-01-19 13:10:00
36,2018-01-19 13:15:00
37,2018-01-19 13:20:00
38,2018-01-19 13:25:00
39,2018-01-19 13:40:00
40,2018-01-19 13:40:00
41,2018-01-19 13:50:00
42,2018-01-19 13:50:00
43,2018-01-19 13:55:00
44,2018-01-19 13:55:00
45,2018-01-19 14:10:00
46,2018-01-19 14:20:00
47,2018-01-19 14:25:00
48,2018-01-19 14:25:00
49,2018-01-19 14:30:00
50,2018-01-19 14:35:00
51,2018-01-19 14:40:00
52,2018-01-19 14:40:00
53,2018-01-19 14:40:00
54,2018-01-19 14:45:00
55,2018-01-19 14:50:00
56,2018-01-19 14:50:00
57,2018-01-19 14:50:00
58,2018-01-19 14:50:00
59,2018-01-19 14:55:00
60,2018-01-19 14:55:00
61,2018-01-19 14:55:00
62,2018-01-19 14:55:00
63,2018-01-19 15:00:00
64,2018-01-19 15:00:00
65,2018-01-19 15:10:00
66,2018-01-19 15:15:00
67,2018-01-19 15:20:00
68,2018-01-19 15:20:00
69,2018-01-19 15:25:00
70,2018-01-19 15:30:00
71,2018-01-19 15:35:00
72,2018-01-19 15:35:00
73,2018-01-19 15:35:00
74,2018-01-19 15:35:00
75,2018-01-19 15:40:00
76,2018-01-19 15:40:00
77,2018-01-19 15:45:00
78,2018-01-19 15:55:00
79,2018-01-19 15:55:00
80,2018-01-19 15:55:00
81,2018-01-19 16:05:00
82,2018-01-19 16:15:00
83,2018-01-19 16:15:00
84,2018-01-19 16:20:00
85,2018-01-19 16:20:00
86,2018-01-19 16:30:00
87,2018-01-19 16:30:00
88,2018-01-19 16:30:00
89,2018-01-19 16:35:00
90,2018-01-19 16:35:00
91,2018-01-19 16:50:00
92,2018-01-19 16:55:00
93,2018-01-19 16:55:00
94,2018-01-19 17:00:00
95,2018-01-19 17:05:00
96,2018-01-19 17:10:00
97,2018-01-19 17:20:00
98,2018-01-19 17:20:00
99,2018-01-19 17:30:00
100,2018-01-19 17:30:00
101,2018-01-19 17:35:00
102,2018-01-19 17:40:00
103,2018-01-19 17:50:00
104,2018-01-19 17:55:00
105,2018-01-19 17:55:00
106,2018-01-19 18:00:00
107,2018-01-19 18:05:00
108,2018-01-19 18:05:00
109,2018-01-19 18:10:00
110,2018-01-19 18:15:00
111,2018-01-19 18:20:00
112,2018-01-19 18:20:00
113,2018-01-19 18:25:00
114,2018-01-19 18:30:00
115,2018-01-19 18:30:00
116,2018-01-19 18:35:00
117,2018-01-19 18:40:00
118,2018-01-19 18:40:00
119,2018-01-19 18:45:00
120,2018-01-19 18:50:00
121,2018-01-19 18:50:00
122,2018-01-19 18:55:00
123,2018-01-19 18:55:00
124,2018-01-19 18:55:00
125,2018-01-19 19:10:00
126,2018-01-19 19:15:00
127,2018-01-19 19:15:00
128,2018-01-19 19:20:00
129,2018-01-19 19:30:00
130,2018-01-19 19:30:00
131,2018-01-19 19:30:00
132,2018-01-19 19:35:00
133,2018-01-19 19:40:00
134,2018-01-19 19:40:00
135,2018-01-19 19:50:00
136,2018-01-19 20:00:00
137,2018-01-19 20:00:00
138,2018-01-19 20:00:00
139,2018-01-19 20:00:00
140,2018-01-19 20:05:00
141,2018-01-19 20:10:00
142,2018-01-19 20:10:00
143,2018-01-19 20:10:00
144,2018-01-19 20:10:00
145,2018-01-19 20:15:00
146,2018-01-19 20:15:00
147,2018-01-19 20:20:00
148,2018-01-19 20:25:00
149,2018-01-19 20:25:00
150,2018-01-19 20:30:00
151,2018-01-19 20:30:00
152,2018-01-19 20:30:00
153,2018-01-19 20:40:00
154,2018-01-19 20:45:00
155,2018-01-19 21:00:00
156,2018-01-19 21:00:00
157,2018-01-19 21:00:00
158,2018-01-19 21:05:00
159,2018-01-19 21:05:00
160,2018-01-19 21:10:00
161,2018-01-19 21:15:00
162,2018-01-19 21:15:00
163,2018-01-19 21:20:00
164,2018-01-19 21:20:00
165,2018-01-19 21:30:00
166,2018-01-19 21:30:00
167,2018-01-19 21:40:00
168,2018-01-19 21:45:00
169,2018-01-19 21:50:00
170,2018-01-19 21:50:00
171,2018-01-19 22:00:00
172,2018-01-19 22:00:00
173,2018-01-19 22:00:00
174,2018-01-19 22:05:00
175,2018-01-19 22:05:00
176,2018-01-19 22:05:00
177,2018-01-19 22:10:00
178,2018-01-19 22:15:00
179,2018-01-19 22:25:00
180,2018-01-19 22:25:00
181,2018-01-19 22:30:00
182,2018-01-19 22:30:00
183,2018-01-19 22:45:00
184,2018-01-19 22:50:00
185,2018-01-19 22:50:00
186,2018-01-19 22:55:00
187,2018-01-19 23:00:00
188,2018-01-19 23:10:00
189,2018-01-19 23:10:00
190,2018-01-19 23:15:00
191,2018-01-19 23:20:00
192,2018-01-19 23:20:00
193,2018-01-19 23:25:00
194,2018-01-19 23:30:00
195,2018-01-19 23:40:00
196,2018-01-19 23:55:00
197,2018-01-19 00:15:00
198,2018-01-19 00:15:00
199,2018-01-19 00:20:00
200,2018-01-19 00:25:00
201,2018-01-19 01:30:00
202,2018-01-19 01:35:00
203,2018-01-19 01:45:00
204,2018-01-19 04:10:00
205,2018-01-19 04:25:00
206,2018-01-19 04:55:00
207,2018-01-19 05:00:00
208,2018-01-19 05:10:00
209,2018-01-19 05:15:00
210,2018-01-19 05:20:00
211,2018-01-19 05:40:00
212,2018-01-19 05:45:00
213,2018-01-19 05:55:00
214,2018-01-19 05:55:00
215,2018-01-19 06:00:00
216,2018-01-19 06:25:00
217,2018-01-19 06:30:00
218,2018-01-19 07:00:00
219,2018-01-19 07:00:00
220,2018-01-19 07:15:00
221,2018-01-19 07:20:00
222,2018-01-19 07:20:00
223,2018-01-19 07:40:00
224,2018-01-19 07:05:00
225,2018-01-19 08:15:00
226,2018-01-19 08:25:00
227,2018-01-19 08:35:00
228,2018-01-19 08:35:00
229,2018-01-19 08:40:00
230,2018-01-19 08:40:00
231,2018-01-19 08:45:00
232,2018-01-19 08:45:00
233,2018-01-19 08:55:00
234,2018-01-19 08:55:00
235,2018-01-19 08:55:00
236,2018-01-19 09:15:00
237,2018-01-19 09:15:00
238,2018-01-19 09:20:00
239,2018-01-19 09:25:00
240,2018-01-19 09:30:00
241,2018-01-19 09:35:00
242,2018-01-19 09:35:00
243,2018-01-19 09:35:00
244,2018-01-19 09:40:00
245,2018-01-19 09:40:00
246,2018-01-19 09:45:00
247,2018-01-19 09:45:00
248,2018-01-19 09:50:00
249,2018-01-19 09:50:00
250,2018-01-19 09:50:00
251,2018-01-19 09:50:00
252,2018-01-20 10:00:00
253,2018-01-20 10:05:00
254,2018-01-20 10:10:00
255,2018-01-20 10:10:00
256,2018-01-20 10:15:00
257,2018-01-20 10:15:00
258,2018-01-20 10:20:00
259,2018-01-20 10:20:00
260,2018-01-20 10:20:00
261,2018-01-20 10:25:00
262,2018-01-20 10:25:00
263,2018-01-20 10:30:00
264,2018-01-20 10:30:00
265,2018-01-20 10:35:00
266,2018-01-20 10:40:00
267,2018-01-20 10:40:00
268,2018-01-20 10:45:00
269,2018-01-20 11:00:00
270,2018-01-20 11:00:00
271,2018-01-20 11:05:00
272,2018-01-20 11:20:00
273,2018-01-20 11:25:00
274,2018-01-20 12:00:00
275,2018-01-20 12:20:00
276,2018-01-20 12:25:00
277,2018-01-20 12:25:00
278,2018-01-20 12:40:00
279,2018-01-20 12:55:00
280,2018-01-20 13:00:00
281,2018-01-20 13:05:00
282,2018-01-20 13:10:00
283,2018-01-20 13:15:00
284,2018-01-20 13:20:00
285,2018-01-20 13:25:00
286,2018-01-20 13:40:00
287,2018-01-20 13:40:00
288,2018-01-20 13:50:00
289,2018-01-20 13:50:00
290,2018-01-20 13:55:00
291,2018-01-20 14:00:00
292,2018-01-20 14:10:00
293,2018-01-20 14:20:00
294,2018-01-20 14:25:00
295,2018-01-20 14:25:00
296,2018-01-20 14:30:00
297,2018-01-20 14:35:00
298,2018-01-20 14:40:00
299,2018-01-20 14:45:00
300,2018-01-20 14:45:00
301,2018-01-20 14:50:00
302,2018-01-20 14:50:00
303,2018-01-20 14:50:00
304,2018-01-20 14:55:00
305,2018-01-20 14:55:00
306,2018-01-20 14:55:00
307,2018-01-20 15:00:00
308,2018-01-20 15:00:00
309,2018-01-20 15:10:00
310,2018-01-20 15:15:00
311,2018-01-20 15:20:00
312,2018-01-20 15:20:00
313,2018-01-20 15:25:00
314,2018-01-20 15:25:00
315,2018-01-20 15:30:00
316,2018-01-20 15:35:00
317,2018-01-20 15:40:00
318,2018-01-20 15:45:00
319,2018-01-20 15:55:00
320,2018-01-20 15:55:00
321,2018-01-20 15:55:00
322,2018-01-20 15:55:00
323,2018-01-20 15:55:00
324,2018-01-20 16:05:00
325,2018-01-20 16:15:00
326,2018-01-20 16:20:00
327,2018-01-20 16:20:00
328,2018-01-20 16:30:00
329,2018-01-20 16:30:00
330,2018-01-20 16:30:00
331,2018-01-20 16:35:00
332,2018-01-20 16:35:00
333,2018-01-20 16:40:00
334,2018-01-20 16:50:00
335,2018-01-20 16:55:00
336,2018-01-20 16:55:00
337,2018-01-20 16:55:00
338,2018-01-20 17:00:00
339,2018-01-20 17:10:00
340,2018-01-20 17:20:00
341,2018-01-20 17:20:00
342,2018-01-20 17:30:00
343,2018-01-20 17:30:00
344,2018-01-20 17:35:00
345,2018-01-20 17:40:00
346,2018-01-20 17:50:00
347,2018-01-20 18:00:00
348,2018-01-20 18:00:00
349,2018-01-20 18:10:00
350,2018-01-20 18:15:00
351,2018-01-20 18:20:00
352,2018-01-20 18:20:00
353,2018-01-20 18:25:00
354,2018-01-20 18:30:00
355,2018-01-20 18:30:00
356,2018-01-20 18:35:00
357,2018-01-20 18:40:00
358,2018-01-20 18:45:00
359,2018-01-20 18:50:00
360,2018-01-20 18:50:00
361,2018-01-20 18:50:00
362,2018-01-20 18:50:00
363,2018-01-20 18:55:00
364,2018-01-20 18:55:00
365,2018-01-20 18:55:00
366,2018-01-20 19:10:00
367,2018-01-20 19:15:00
368,2018-01-20 19:15:00
369,2018-01-20 19:20:00
370,2018-01-20 19:20:00
371,2018-01-20 19:30:00
372,2018-01-20 19:30:00
373,2018-01-20 19:30:00
374,2018-01-20 19:35:00
375,2018-01-20 19:40:00
376,2018-01-20 19:40:00
377,2018-01-20 19:50:00
378,2018-01-20 20:00:00
379,2018-01-20 20:00:00
380,2018-01-20 20:00:00
381,2018-01-20 20:00:00
382,2018-01-20 20:05:00
383,2018-01-20 20:10:00
384,2018-01-20 20:10:00
385,2018-01-20 20:10:00
386,2018-01-20 20:10:00
387,2018-01-20 20:15:00
388,2018-01-20 20:15:00
389,2018-01-20 20:20:00
390,2018-01-20 20:25:00
391,2018-01-20 20:25:00
392,2018-01-20 20:30:00
393,2018-01-20 20:30:00
394,2018-01-20 20:30:00
395,2018-01-20 20:40:00
396,2018-01-20 21:00:00
397,2018-01-20 21:00:00
398,2018-01-20 21:00:00
399,2018-01-20 21:05:00
400,2018-01-20 21:05:00
401,2018-01-20 21:10:00
402,2018-01-20 21:15:00
403,2018-01-20 21:15:00
404,2018-01-20 21:15:00
405,2018-01-20 21:20:00
406,2018-01-20 21:20:00
407,2018-01-20 21:20:00
408,2018-01-20 21:30:00
409,2018-01-20 21:30:00
410,2018-01-20 21:30:00
411,2018-01-20 21:40:00
412,2018-01-20 21:45:00
413,2018-01-20 21:45:00
414,2018-01-20 21:50:00
415,2018-01-20 22:00:00
416,2018-01-20 22:00:00
417,2018-01-20 22:00:00
418,2018-01-20 22:05:00
419,2018-01-20 22:05:00
420,2018-01-20 22:10:00
421,2018-01-20 22:25:00
422,2018-01-20 22:30:00
423,2018-01-20 22:30:00
424,2018-01-20 22:30:00
425,2018-01-20 22:45:00
426,2018-01-20 22:50:00
427,2018-01-20 22:50:00
428,2018-01-20 22:55:00
429,2018-01-20 23:00:00
430,2018-01-20 23:10:00
431,2018-01-20 23:10:00
432,2018-01-20 23:15:00
433,2018-01-20 23:20:00
434,2018-01-20 23:25:00
435,2018-01-20 23:25:00
436,2018-01-20 23:30:00
437,2018-01-20 23:40:00
438,2018-01-20 23:50:00
439,2018-01-20 23:55:00
440,2018-01-20 00:10:00
441,2018-01-20 00:15:00
442,2018-01-20 00:15:00
443,2018-01-20 00:20:00
444,2018-01-20 00:25:00
445,2018-01-20 00:05:00
446,2018-01-20 01:30:00
447,2018-01-20 01:35:00
448,2018-01-20 04:10:00
449,2018-01-20 04:25:00
450,2018-01-20 04:40:00
451,2018-01-20 04:55:00
452,2018-01-20 05:00:00
453,2018-01-20 05:15:00
454,2018-01-20 05:20:00
455,2018-01-20 05:35:00
456,2018-01-20 05:40:00
457,2018-01-20 05:45:00
458,2018-01-20 05:55:00
459,2018-01-20 05:55:00
460,2018-01-20 05:55:00
461,2018-01-20 06:00:00
462,2018-01-20 06:25:00
463,2018-01-20 06:25:00
464,2018-01-20 06:30:00
465,2018-01-20 06:55:00
466,2018-01-20 07:00:00
467,2018-01-20 07:00:00
468,2018-01-20 07:15:00
469,2018-01-20 07:20:00
470,2018-01-20 07:20:00
471,2018-01-20 07:05:00
472,2018-01-20 07:55:00
473,2018-01-20 08:25:00
474,2018-01-20 08:35:00
475,2018-01-20 08:35:00
476,2018-01-20 08:40:00
477,2018-01-20 08:40:00
478,2018-01-20 08:45:00
479,2018-01-20 08:45:00
480,2018-01-20 08:55:00
481,2018-01-20 08:55:00
482,2018-01-20 09:00:00
483,2018-01-20 09:10:00
484,2018-01-20 09:15:00
485,2018-01-20 09:20:00
486,2018-01-20 09:20:00
487,2018-01-20 09:25:00
488,2018-01-20 09:30:00
489,2018-01-20 09:35:00
490,2018-01-20 09:35:00
491,2018-01-20 09:40:00
492,2018-01-20 09:40:00
493,2018-01-20 09:45:00
494,2018-01-20 09:45:00
495,2018-01-20 09:50:00
496,2018-01-20 09:50:00
497,2018-01-20 09:50:00
498,2018-01-20 09:50:00
499,2018-01-20 09:55:00
500,2018-01-20 09:55:00
501,2018-01-21 10:00:00
502,2018-01-21 10:00:00
503,2018-01-21 10:05:00
504,2018-01-21 10:05:00
505,2018-01-21 10:10:00
506,2018-01-21 10:10:00
507,2018-01-21 10:15:00
508,2018-01-21 10:15:00
509,2018-01-21 10:20:00
510,2018-01-21 10:20:00
511,2018-01-21 10:20:00
512,2018-01-21 10:25:00
513,2018-01-21 10:25:00
514,2018-01-21 10:30:00
515,2018-01-21 10:30:00
516,2018-01-21 10:35:00
517,2018-01-21 10:40:00
518,2018-01-21 10:45:00
519,2018-01-21 11:00:00
520,2018-01-21 11:00:00
521,2018-01-21 11:00:00
522,2018-01-21 11:00:00
523,2018-01-21 11:00:00
524,2018-01-21 11:20:00
525,2018-01-21 11:25:00
526,2018-01-21 12:00:00
527,2018-01-21 12:20:00
528,2018-01-21 12:20:00
529,2018-01-21 12:25:00
530,2018-01-21 12:25:00
531,2018-01-21 12:55:00
532,2018-01-21 13:00:00
533,2018-01-21 13:00:00
534,2018-01-21 13:05:00
535,2018-01-21 13:05:00
536,2018-01-21 13:10:00
537,2018-01-21 13:15:00
538,2018-01-21 13:20:00
539,2018-01-21 13:25:00
540,2018-01-21 13:40:00
541,2018-01-21 13:40:00
542,2018-01-21 13:50:00
543,2018-01-21 13:50:00
544,2018-01-21 13:55:00
545,2018-01-21 14:00:00
546,2018-01-21 14:10:00
547,2018-01-21 14:20:00
548,2018-01-21 14:25:00
549,2018-01-21 14:35:00
550,2018-01-21 14:35:00
551,2018-01-21 14:40:00
552,2018-01-21 14:40:00
553,2018-01-21 14:40:00
554,2018-01-21 14:50:00
555,2018-01-21 14:50:00
556,2018-01-21 14:50:00
557,2018-01-21 14:55:00
558,2018-01-21 14:55:00
559,2018-01-21 14:55:00
560,2018-01-21 14:55:00
561,2018-01-21 14:55:00
562,2018-01-21 15:00:00
563,2018-01-21 15:10:00
564,2018-01-21 15:15:00
565,2018-01-21 15:20:00
566,2018-01-21 15:20:00
567,2018-01-21 15:20:00
568,2018-01-21 15:25:00
569,2018-01-21 15:30:00
570,2018-01-21 15:35:00
571,2018-01-21 15:35:00
572,2018-01-21 15:35:00
573,2018-01-21 15:35:00
574,2018-01-21 15:40:00
575,2018-01-21 15:40:00
576,2018-01-21 15:45:00
577,2018-01-21 15:55:00
578,2018-01-21 15:55:00
579,2018-01-21 15:55:00
580,2018-01-21 15:55:00
581,2018-01-21 16:05:00
582,2018-01-21 16:15:00
583,2018-01-21 16:15:00
584,2018-01-21 16:20:00
585,2018-01-21 16:20:00
586,2018-01-21 16:30:00
587,2018-01-21 16:30:00
588,2018-01-21 16:30:00
589,2018-01-21 16:35:00
590,2018-01-21 16:35:00
591,2018-01-21 16:50:00
592,2018-01-21 16:55:00
593,2018-01-21 16:55:00
594,2018-01-21 17:00:00
595,2018-01-21 17:05:00
596,2018-01-21 17:10:00
597,2018-01-21 17:20:00
598,2018-01-21 17:20:00
599,2018-01-21 17:30:00
600,2018-01-21 17:30:00
601,2018-01-21 17:35:00
602,2018-01-21 17:40:00
603,2018-01-21 17:50:00
604,2018-01-21 18:00:00
605,2018-01-21 18:00:00
606,2018-01-21 18:00:00
607,2018-01-21 18:05:00
608,2018-01-21 18:10:00
609,2018-01-21 18:15:00
610,2018-01-21 18:20:00
611,2018-01-21 18:20:00
612,2018-01-21 18:25:00
613,2018-01-21 18:30:00
614,2018-01-21 18:30:00
615,2018-01-21 18:35:00
616,2018-01-21 18:40:00
617,2018-01-21 18:40:00
618,2018-01-21 18:45:00
619,2018-01-21 18:50:00
620,2018-01-21 18:50:00
621,2018-01-21 18:50:00
622,2018-01-21 18:55:00
623,2018-01-21 18:55:00
624,2018-01-21 18:55:00
625,2018-01-21 19:10:00
626,2018-01-21 19:15:00
627,2018-01-21 19:15:00
628,2018-01-21 19:20:00
629,2018-01-21 19:30:00
630,2018-01-21 19:30:00
631,2018-01-21 19:30:00
632,2018-01-21 19:35:00
633,2018-01-21 19:40:00
634,2018-01-21 19:45:00
635,2018-01-21 19:50:00
636,2018-01-21 20:00:00
637,2018-01-21 20:00:00
638,2018-01-21 20:00:00
639,2018-01-21 20:00:00
640,2018-01-21 20:05:00
641,2018-01-21 20:10:00
642,2018-01-21 20:10:00
643,2018-01-21 20:10:00
644,2018-01-21 20:10:00
645,2018-01-21 20:15:00
646,2018-01-21 20:15:00
647,2018-01-21 20:20:00
648,2018-01-21 20:25:00
649,2018-01-21 20:25:00
650,2018-01-21 20:30:00
651,2018-01-21 20:30:00
652,2018-01-21 20:30:00
653,2018-01-21 20:40:00
654,2018-01-21 20:45:00
655,2018-01-21 21:00:00
656,2018-01-21 21:00:00
657,2018-01-21 21:00:00
658,2018-01-21 21:05:00
659,2018-01-21 21:05:00
660,2018-01-21 21:10:00
661,2018-01-21 21:15:00
662,2018-01-21 21:15:00
663,2018-01-21 21:20:00
664,2018-01-21 21:20:00
665,2018-01-21 21:20:00
666,2018-01-21 21:30:00
667,2018-01-21 21:30:00
668,2018-01-21 21:40:00
669,2018-01-21 21:45:00
670,2018-01-21 21:50:00
671,2018-01-21 21:50:00
672,2018-01-21 22:00:00
673,2018-01-21 22:00:00
674,2018-01-21 22:00:00
675,2018-01-21 22:05:00
676,2018-01-21 22:05:00
677,2018-01-21 22:10:00
678,2018-01-21 22:15:00
679,2018-01-21 22:25:00
680,2018-01-21 22:25:00
681,2018-01-21 22:30:00
682,2018-01-21 22:30:00
683,2018-01-21 22:45:00
684,2018-01-21 22:50:00
685,2018-01-21 22:50:00
686,2018-01-21 22:55:00
687,2018-01-21 23:00:00
688,2018-01-21 23:10:00
689,2018-01-21 23:10:00
690,2018-01-21 23:15:00
691,2018-01-21 23:20:00
692,2018-01-21 23:20:00
693,2018-01-21 23:25:00
694,2018-01-21 23:30:00
695,2018-01-21 23:40:00
696,2018-01-21 23:55:00
697,2018-01-21 00:10:00
698,2018-01-21 00:15:00
699,2018-01-21 00:15:00
700,2018-01-21 00:20:00
701,2018-01-21 01:20:00
702,2018-01-21 01:30:00
703,2018-01-21 01:35:00
704,2018-01-21 01:45:00
705,2018-01-21 04:10:00
706,2018-01-21 04:25:00
707,2018-01-21 04:55:00
708,2018-01-21 05:00:00
709,2018-01-21 05:00:00
710,2018-01-21 05:10:00
711,2018-01-21 05:15:00
712,2018-01-21 05:20:00
713,2018-01-21 05:35:00
714,2018-01-21 05:40:00
715,2018-01-21 05:45:00
716,2018-01-21 05:55:00
717,2018-01-21 05:55:00
718,2018-01-21 06:00:00
719,2018-01-21 06:25:00
720,2018-01-21 06:30:00
721,2018-01-21 06:55:00
722,2018-01-21 07:00:00
723,2018-01-21 07:00:00
724,2018-01-21 07:15:00
725,2018-01-21 07:20:00
726,2018-01-21 07:20:00
727,2018-01-21 07:40:00
728,2018-01-21 08:15:00
729,2018-01-21 08:25:00
730,2018-01-21 08:35:00
731,2018-01-21 08:35:00
732,2018-01-21 08:40:00
733,2018-01-21 08:40:00
734,2018-01-21 08:45:00
735,2018-01-21 08:45:00
736,2018-01-21 08:55:00
737,2018-01-21 08:55:00
738,2018-01-21 09:10:00
739,2018-01-21 09:15:00
740,2018-01-21 09:20:00
741,2018-01-21 09:20:00
742,2018-01-21 09:25:00
743,2018-01-21 09:30:00
744,2018-01-21 09:35:00
745,2018-01-21 09:35:00
746,2018-01-21 09:40:00
747,2018-01-21 09:40:00
748,2018-01-21 09:45:00
749,2018-01-21 09:50:00
750,2018-01-21 09:50:00
751,2018-01-21 09:50:00
752,2018-01-21 09:55:00
